"origin","destination","arr_delay_time","num_of_flights","flight_time","distance","carrier_delay","weather_delay","nas_delay","security_delay","late_aircraft_delay"
"ABQ","ATL",1.9491,6825,154.4620,1269.0000,3.6637,0.4614,2.8140,0.0595,1.4828
"ALB","ATL",6.1570,4814,131.9001,852.0000,3.1841,0.4814,5.8912,0.0046,2.0062
"ANC","ATL",11.2853,639,391.3867,3417.0000,4.6072,0.0000,3.5964,0.0721,8.9892
"AUS","ATL",7.4119,8749,108.0327,813.0000,3.5467,0.4203,5.6242,0.0171,2.5741
"BDL","ATL",7.6640,14449,127.5725,859.0000,2.5274,0.4298,7.9771,0.0251,2.5282
"BHM","ATL",6.4901,14595,32.5082,134.0000,2.8583,0.0946,5.1841,0.0027,2.9895
"BNA","ATL",7.4417,12589,40.4049,214.0000,2.4444,0.2894,5.5751,0.0000,3.9265
"BOI","ATL",0.8296,630,214.9379,1838.0000,5.2707,0.4044,2.0711,0.0000,0.0152
"BOS","ATL",9.3615,23086,139.8206,946.0000,3.0977,0.5864,8.1899,0.0144,3.2138
"BTR","ATL",14.9558,2187,68.8690,449.0000,2.7088,0.3709,10.3385,0.0000,3.9902
"BUF","ATL",6.7956,4571,105.6084,712.0000,4.5848,1.1097,7.2053,0.0131,2.9432
"BUR","ATL",1.3278,425,229.2518,1941.0000,2.7294,0.4659,3.4588,0.0753,0.0000
"BWI","ATL",8.6512,21584,89.9549,576.0000,4.0501,0.1471,7.1956,0.0153,2.8249
"BZN","ATL",13.2089,165,197.2468,1641.0000,5.0400,0.2320,6.0480,0.0000,7.9840
"CAE","ATL",7.4021,5594,41.5501,191.0000,3.0650,0.3209,6.3552,0.0247,2.3988
"CAK","ATL",10.5455,219,83.1914,528.0000,11.3008,0.0000,6.9549,0.0000,2.1353
"CHS","ATL",8.4387,14400,49.2198,259.0000,3.0999,0.0986,6.2333,0.0097,4.1283
"CLE","ATL",5.1960,8099,85.8860,554.0000,2.9673,0.1366,6.0798,0.0457,1.4559
"CLT","ATL",7.4053,15123,46.6085,227.0000,2.6134,0.2246,7.2797,0.0000,3.7154
"CMH","ATL",4.9605,8936,72.1983,446.0000,2.2200,0.2515,6.0122,0.0000,1.9921
"COS","ATL",4.6690,3175,141.7181,1185.0000,4.1855,0.6623,3.4995,0.0377,1.7475
"CVG","ATL",8.9392,17256,67.3373,373.0000,2.4448,0.3102,7.9382,0.0231,1.8400
"DAB","ATL",7.8285,9226,62.7383,366.0000,4.3531,0.3504,5.0969,0.0201,3.3230
"DAY","ATL",8.4268,9692,74.6531,432.0000,3.1459,0.2731,6.6341,0.0043,2.9206
"DCA","ATL",7.9544,30870,85.8626,547.0000,2.2676,0.1629,7.1906,0.0103,3.7861
"DEN","ATL",5.7891,20867,145.0114,1199.0000,3.2364,0.3175,4.3177,0.0000,3.5948
"DFW","ATL",9.9458,45992,98.8503,732.0000,2.8905,0.9486,7.6931,0.0087,4.0789
"DTW","ATL",7.6990,12879,92.9495,594.0000,3.1592,0.3785,7.5057,0.0000,2.7347
"EGE","ATL",9.5271,647,154.7915,1312.0000,3.8678,0.6759,5.2772,0.0000,7.5096
"ELP","ATL",2.7440,3564,157.0241,1282.0000,5.3347,0.1383,2.4812,0.0000,1.7447
"EWR","ATL",12.8115,22603,111.8611,745.0000,2.6730,0.2769,8.6894,0.0645,7.1111
"FAY","ATL",2.5349,43,59.7907,331.0000,0.6279,0.0000,4.0930,0.0000,1.8140
"FCA","ATL",8.8913,46,220.9783,1841.0000,5.5313,0.0000,4.6250,0.0000,3.9063
"FLL","ATL",9.1488,23977,87.4201,581.0000,2.5658,0.2450,7.2179,0.0178,4.0235
"GPT","ATL",9.8242,1517,56.8757,352.0000,5.5095,0.3506,7.1868,0.0000,4.3251
"GRR","ATL",18.2320,317,99.4118,640.0000,2.4322,1.4069,16.3438,0.0000,1.5552
"GSO","ATL",7.3704,12469,56.3018,306.0000,2.6010,0.1117,6.5499,0.0236,2.8109
"GSP","ATL",6.6423,7643,35.8229,153.0000,2.8677,0.2232,6.8361,0.0089,2.0411
"GUC","ATL",20.1765,18,148.3529,1301.0000,15.2222,0.0000,3.4444,0.0000,0.7222
"HDN","ATL",20.6563,280,159.1445,1340.0000,6.4502,2.6351,5.7915,0.4455,12.1943
"HNL","ATL",-2.0152,3181,493.0396,4502.0000,1.7828,0.0038,2.3800,0.0000,2.7764
"HOU","ATL",6.8471,6680,97.6292,696.0000,2.1111,0.1111,6.3910,0.0157,3.0966
"HSV","ATL",6.1820,6073,32.8857,151.0000,2.6701,0.3246,6.1304,0.0213,2.5581
"IAD","ATL",8.4475,18102,83.9331,533.0000,2.3742,0.1894,7.1696,0.0116,4.3337
"IAH","ATL",11.0264,10656,94.8806,689.0000,3.4398,0.3586,8.0743,0.0000,4.9814
"ICT","ATL",12.4026,158,101.7922,781.0000,10.9051,1.1962,4.2089,0.0000,0.0000
"IND","ATL",7.4645,12238,70.1473,432.0000,2.2996,0.5131,6.2863,0.0095,3.6484
"JAC","ATL",12.6766,353,188.5905,1572.0000,7.6260,0.6260,4.3902,0.0000,6.0772
"JAN","ATL",7.7270,7559,55.5720,341.0000,3.7210,0.0570,5.4118,0.0028,3.6491
"JAX","ATL",8.3001,20397,48.9758,270.0000,2.6363,0.0882,6.8743,0.0092,3.3498
"JFK","ATL",16.4081,8049,112.5953,760.0000,5.9950,1.3057,13.0835,0.1181,4.9744
"LAS","ATL",4.6318,17531,202.7658,1747.0000,2.8352,0.1393,3.9240,0.0107,3.5524
"LAX","ATL",6.7832,24212,224.2771,1946.0000,4.7385,0.1476,3.9943,0.0743,2.8643
"LEX","ATL",5.6936,3894,54.9785,303.0000,3.3945,0.4170,5.6404,0.0000,1.1010
"LGA","ATL",11.5905,37078,113.9266,761.0000,2.7720,0.3885,9.1322,0.0264,6.4334
"LGB","ATL",3.7064,455,409.9382,1933.0000,1.3906,0.1458,5.5443,0.1745,0.8125
"LIT","ATL",7.8003,6342,66.8167,453.0000,3.2471,0.3187,5.5930,0.0181,3.2091
"MCI","ATL",7.9389,17317,94.8697,692.0000,2.6915,0.3333,6.2350,0.0049,3.3165
"MCO","ATL",9.2240,27500,65.9194,403.0000,2.5897,0.1964,7.2529,0.0205,3.8159
"MDW","ATL",4.6320,4336,88.4283,590.0000,1.9401,0.3559,7.6559,0.0000,1.8564
"MEM","ATL",9.5474,13121,53.2501,332.0000,2.9759,0.2228,6.1732,0.0115,4.8483
"MHT","ATL",7.7528,2251,141.3317,952.0000,3.3434,0.6769,6.0943,0.0000,1.3950
"MIA","ATL",11.3258,32516,89.9236,595.0000,3.9209,0.7471,7.1646,0.0281,4.2584
"MKE","ATL",7.6021,6083,97.7262,669.0000,3.8234,0.5040,6.7727,0.0233,1.8861
"MLB","ATL",7.1366,6576,71.8510,443.0000,2.1914,0.1257,6.4780,0.0109,2.8446
"MOB","ATL",7.1956,6312,51.6833,302.0000,2.6762,0.4400,5.5530,0.0000,3.1487
"MSP","ATL",3.5996,11564,124.4780,906.0000,3.4011,0.3160,4.3099,0.0000,2.1049
"MSY","ATL",7.2291,18172,62.9062,425.0000,2.6981,0.2235,5.8511,0.0045,3.4228
"MTJ","ATL",27.3514,40,160.6757,1352.0000,14.7857,0.0000,11.8929,0.0000,9.2143
"MYR","ATL",5.1772,594,55.5911,317.0000,5.5118,0.0455,2.9125,0.0000,1.8434
"OAK","ATL",4.0194,4062,249.1442,2130.0000,2.9281,0.1491,2.5847,0.0242,2.7289
"OGG","ATL",-24.4059,173,486.3706,4431.0000,3.5376,0.0000,0.1676,0.0000,0.8497
"OKC","ATL",8.2283,4040,100.6519,761.0000,3.3782,0.3794,6.0964,0.0561,3.0774
"OMA","ATL",1.7105,1577,107.9750,821.0000,2.3278,0.0776,2.8706,0.0000,1.0557
"ONT","ATL",3.8322,5321,221.9689,1900.0000,3.6099,0.2093,3.4955,0.0527,2.2722
"ORD","ATL",13.3814,40707,89.5085,606.0000,3.1416,0.7119,8.3323,0.0051,7.7656
"ORF","ATL",7.8729,13544,88.2344,516.0000,2.8121,0.1339,6.4092,0.0109,3.4922
"PBI","ATL",7.0558,18478,84.0757,545.0000,2.2046,0.1129,5.7132,0.0367,3.3796
"PDX","ATL",1.7850,7040,249.9911,2172.0000,2.0836,0.1406,2.5326,0.0000,2.0517
"PHF","ATL",4.8065,1590,87.4955,508.0000,3.0649,0.0973,4.6496,0.0000,1.8890
"PHL","ATL",11.6393,22676,101.8802,665.0000,4.0482,0.2216,9.1417,0.0076,5.2286
"PHX","ATL",1.3419,12389,187.0136,1587.0000,2.7764,0.2273,3.3263,0.0078,2.1420
"PIT","ATL",7.0894,13368,81.9005,526.0000,2.6935,0.6667,5.6681,0.0000,3.4687
"PNS","ATL",8.5656,13368,47.3208,272.0000,3.1199,0.6095,5.2722,0.0000,4.5635
"PSP","ATL",1.4124,798,209.8477,1840.0000,3.2286,0.2802,4.1047,0.1932,0.0147
"PVD","ATL",4.3363,6631,136.9270,903.0000,2.6120,0.5288,5.5104,0.0187,1.2796
"PWM","ATL",9.4688,2048,149.8387,1027.0000,3.3511,2.2500,7.3180,0.0502,1.1690
"RDU","ATL",6.9500,20228,61.3669,356.0000,2.9675,0.1425,6.0609,0.0131,3.0630
"RIC","ATL",7.9688,13455,80.8722,481.0000,2.9755,0.2885,7.0549,0.0357,3.1663
"RNO","ATL",6.8706,1198,232.8486,1993.0000,6.1431,2.2367,3.6436,0.0318,0.3181
"ROC","ATL",11.2463,2098,110.6339,749.0000,6.6562,0.8619,8.3904,0.0353,3.1284
"RSW","ATL",6.7812,17148,82.6568,515.0000,3.0858,0.1516,5.2797,0.0000,3.2638
"SAN","ATL",0.4351,13048,220.1342,1891.0000,2.0495,0.1307,3.7373,0.0743,1.5601
"SAT","ATL",7.4335,12155,115.1080,874.0000,3.6265,0.1406,6.3895,0.0206,2.5869
"SAV","ATL",7.6647,18492,42.0855,215.0000,2.8040,0.1907,5.8410,0.0062,3.5636
"SDF","ATL",5.6456,9376,59.1004,321.0000,3.0115,0.2808,5.1743,0.0000,2.8988
"SEA","ATL",5.1390,12041,250.6908,2182.0000,2.9954,0.2258,4.0923,0.0262,2.9633
"SFO","ATL",3.3118,15947,244.4376,2139.0000,2.8181,0.3232,3.2498,0.0067,2.9779
"SHV","ATL",-5.1538,26,81.0769,552.0000,NULL,NULL,NULL,NULL,NULL
"SJC","ATL",3.3461,4746,248.2479,2116.0000,2.3984,0.1596,2.7452,0.0267,2.4526
"SJU","ATL",2.0539,8459,208.2474,1547.0000,2.9688,0.0446,2.9276,0.0095,1.8589
"SLC","ATL",3.8426,17788,187.0660,1589.0000,2.9157,0.3287,3.8944,0.0000,1.6552
"SMF","ATL",6.6250,5357,238.8269,2092.0000,3.1624,0.0403,2.8360,0.0145,4.5555
"SNA","ATL",3.2922,8513,224.2418,1919.0000,3.1364,0.2926,4.5533,0.0275,1.9764
"SRQ","ATL",5.7606,11289,74.3390,445.0000,2.7099,0.4978,4.4103,0.0091,3.0378
"STL","ATL",5.7831,11978,71.4608,483.0000,2.8834,0.3274,5.6674,0.0394,2.9793
"STT","ATL",3.3434,2731,217.8828,1599.0000,2.5982,0.2766,3.7026,0.0000,2.3762
"STX","ATL",16.2664,221,223.6682,1638.0000,5.9393,0.0000,5.2991,0.0000,4.8832
"SYR","ATL",3.8233,3557,119.0017,793.0000,2.6335,0.4445,5.4295,0.0000,1.6578
"TLH","ATL",5.9773,9300,43.9997,223.0000,2.2573,0.3598,5.0461,0.0220,2.4592
"TPA","ATL",8.1749,24712,68.4008,406.0000,2.6046,0.4431,6.2538,0.0000,3.5720
"TUL","ATL",5.6610,2869,91.8149,674.0000,1.1550,0.0872,7.3396,0.0000,1.4638
"TUS","ATL",3.7353,4722,184.7402,1541.0000,3.0322,0.5171,3.0562,0.0311,2.8867
"TYS","ATL",6.2874,6570,34.7829,152.0000,2.6853,0.5273,5.9244,0.0000,2.9346
"VPS","ATL",10.3812,5845,45.0726,264.0000,3.2472,0.3825,5.2486,0.0000,4.6550
"ABQ","DEN",2.8957,10493,55.3255,349.0000,2.5537,0.1632,1.3844,0.0088,5.0540
"AMA","DEN",1.9132,845,57.0285,358.0000,2.6620,1.6574,2.3611,0.0000,24.8519
"ANC","DEN",-0.6589,1876,280.2800,2406.0000,3.8679,0.0995,1.9554,0.0139,2.2925
"ATL","DEN",8.1947,22106,167.9516,1199.0000,4.5974,0.4472,3.5862,0.0057,3.6203
"AUS","DEN",4.0004,4516,111.4167,775.0000,3.6569,0.0521,1.9291,0.0000,5.6674
"BIL","DEN",3.2977,4677,67.0346,455.0000,3.1337,0.2272,1.8762,0.0000,5.5625
"BNA","DEN",5.6442,1316,150.1181,1013.0000,3.8746,0.1527,2.4942,0.0086,13.6326
"BOI","DEN",3.5754,6504,87.2574,649.0000,4.8436,0.2282,1.6536,0.0000,3.1213
"BOS","DEN",6.6999,12731,229.7048,1754.0000,2.7853,0.5081,3.9511,0.0063,6.7973
"BUR","DEN",-0.5216,2181,112.4508,850.0000,2.2499,0.2383,1.8359,0.0000,0.2267
"BWI","DEN",5.9150,12776,210.8447,1491.0000,3.6831,0.4269,3.7804,0.0143,4.4410
"BZN","DEN",4.2896,337,73.9313,525.0000,28.1132,1.3396,15.1698,0.0000,15.8113
"CLE","DEN",1.4071,1958,173.4551,1201.0000,4.0228,0.6870,2.8076,0.0000,2.0362
"CLT","DEN",7.5832,4326,194.8684,1337.0000,3.4186,0.3101,3.6252,0.0000,4.3458
"CMH","DEN",2.7207,3485,168.1046,1155.0000,2.2931,0.1909,2.3499,0.0346,4.6501
"COS","DEN",0.3728,3598,19.0617,72.0000,1.2128,0.3368,1.5272,0.0000,2.7281
"CVG","DEN",5.2017,6486,152.7556,1069.0000,2.9494,0.3483,3.0867,0.0182,3.6850
"DCA","DEN",6.9007,1640,208.0112,1476.0000,3.8458,0.9200,4.3527,0.0000,5.5796
"DFW","DEN",8.4564,37029,95.8749,641.0000,3.7041,1.2936,2.6878,0.0106,5.4975
"DSM","DEN",4.6260,6539,89.5464,589.0000,5.2850,0.4658,2.2073,0.0000,3.5856
"DTW","DEN",4.5829,4623,163.1513,1123.0000,4.0353,0.3271,2.6562,0.0000,4.3775
"EGE","DEN",13.0929,1390,30.4216,121.0000,3.0735,2.1615,5.3195,0.0000,10.2460
"EWR","DEN",8.0911,7191,223.8721,1605.0000,2.3858,0.5496,5.7322,0.0012,8.3819
"FLL","DEN",6.7121,2430,232.8086,1703.0000,4.3905,0.1172,3.4489,0.0053,5.4619
"FSD","DEN",5.0919,944,76.9146,483.0000,6.0266,1.3550,5.8491,0.0000,19.5503
"GEG","DEN",0.9786,5890,109.1317,836.0000,3.9682,0.2003,1.7621,0.0187,2.5369
"GRR","DEN",0.6518,113,145.7321,1014.0000,43.0769,0.0000,14.5385,0.0000,0.0000
"GUC","DEN",8.9704,313,32.1382,152.0000,1.0158,0.5929,2.7510,0.0000,14.6206
"HDN","DEN",4.8401,691,30.5247,142.0000,4.7168,3.4158,5.3842,0.0000,1.2515
"HNL","DEN",-0.0931,2161,372.4877,3365.0000,4.1805,0.0312,2.7860,0.0000,0.7010
"HOU","DEN",2.5842,2258,125.3402,883.0000,3.9397,0.8544,1.9847,0.0472,7.1775
"IAD","DEN",6.1557,17892,200.7448,1452.0000,3.7173,0.7377,4.0812,0.0068,3.8625
"IAH","DEN",5.3117,9388,123.9627,861.0000,2.6477,0.2527,2.8805,0.0000,5.6229
"ICT","DEN",4.8745,4711,68.0219,419.0000,4.3980,0.2824,1.7670,0.0000,4.7593
"IND","DEN",2.1403,3903,143.1284,977.0000,3.5744,0.3246,2.0265,0.0069,3.0641
"JAC","DEN",7.6892,4293,60.5820,406.0000,3.3362,1.1178,2.8235,0.0000,8.6803
"JFK","DEN",9.1954,5245,152.1689,1626.0000,3.2253,0.5601,9.4314,0.0545,4.1006
"KOA","DEN",-1.5125,280,371.7455,3329.0000,4.5708,0.0000,3.2876,0.0000,0.0442
"LAS","DEN",6.7363,26393,85.0414,629.0000,2.8064,0.3414,2.1244,0.0199,8.0463
"LAX","DEN",4.2237,32575,111.2878,862.0000,3.0200,0.1499,1.8802,0.0576,5.1308
"LGA","DEN",9.3926,12063,224.8334,1619.0000,2.5532,0.7588,6.3919,0.0000,6.8657
"LIH","DEN",6.8444,47,385.3556,3414.0000,11.8182,0.0000,18.4545,0.0000,9.0000
"MCI","DEN",5.7901,14673,84.2605,533.0000,2.8856,0.3255,2.2903,0.0021,6.6464
"MCO","DEN",5.4418,10721,213.1407,1545.0000,3.0119,0.7232,2.7160,0.0097,5.2033
"MDW","DEN",8.9349,7540,129.9632,895.0000,4.6975,0.8849,3.1241,0.0373,8.2383
"MIA","DEN",7.4235,6455,231.9923,1709.0000,5.0759,1.0178,2.8333,0.0501,3.5655
"MSO","DEN",0.8553,235,92.1234,679.0000,33.1852,0.7037,16.2222,0.0000,13.9259
"MSP","DEN",5.7612,12481,101.6113,680.0000,3.2809,0.2889,2.6059,0.0000,6.7687
"MSY","DEN",4.5362,6102,149.1803,1062.0000,2.8454,0.0796,1.9985,0.0000,5.8724
"MTJ","DEN",11.5517,175,35.6437,197.0000,1.4571,0.8500,2.9000,0.0000,11.7643
"OAK","DEN",2.4476,13449,122.7341,957.0000,2.6594,0.0409,1.5280,0.0176,4.2126
"OGG","DEN",-2.5261,270,370.9515,3303.0000,6.7143,0.6587,3.8095,0.0000,2.3095
"OKC","DEN",2.7038,8599,76.2915,495.0000,3.0407,0.1178,1.3251,0.0061,4.8864
"OMA","DEN",5.5412,11344,73.9906,472.0000,3.7244,0.2018,2.0617,0.0000,6.0861
"ONT","DEN",1.8107,9252,107.9197,819.0000,2.1078,0.0709,1.7205,0.0024,3.6948
"ORD","DEN",12.0861,39244,126.2974,888.0000,5.0309,1.1509,3.9805,0.0008,7.8275
"PDX","DEN",2.9729,13118,125.2885,992.0000,1.9974,0.1661,1.6318,0.0034,4.5737
"PHL","DEN",8.7400,8644,218.6140,1557.0000,4.9082,0.3855,5.4760,0.0022,6.7238
"PHX","DEN",5.1433,21686,81.8189,602.0000,2.7116,0.1774,1.6281,0.0141,6.3266
"PIT","DEN",8.7410,2964,187.6237,1290.0000,6.2471,0.7743,3.5820,0.0000,4.6608
"PSP","DEN",10.7477,340,101.1982,776.0000,9.1236,0.1348,2.8427,0.0000,13.5730
"RDU","DEN",0.5694,721,208.7475,1436.0000,2.8480,1.2644,5.2006,0.0000,12.4286
"RNO","DEN",3.1099,7429,104.7590,804.0000,2.9274,0.2837,1.7517,0.0065,4.9437
"SAN","DEN",4.6971,13515,112.8659,853.0000,2.7616,0.0829,2.2136,0.0045,6.0927
"SAT","DEN",4.9463,6332,113.3087,794.0000,2.7686,0.1065,1.8634,0.0000,5.9073
"SEA","DEN",4.2250,17889,128.8768,1024.0000,2.7231,0.1535,1.8787,0.0099,5.3135
"SFO","DEN",5.2607,20649,119.5782,967.0000,3.4688,0.0860,1.8811,0.0028,5.3506
"SJC","DEN",2.9864,12163,126.0110,948.0000,2.7338,0.1392,1.7493,0.0022,4.8232
"SLC","DEN",5.7837,18018,58.7130,391.0000,2.2290,0.2876,2.4818,0.0044,6.1880
"SMF","DEN",4.2951,11507,116.8873,910.0000,3.0013,0.0751,1.7300,0.0000,4.7762
"SNA","DEN",3.5808,12677,108.9269,846.0000,2.1232,0.0656,1.9876,0.0057,5.6123
"STL","DEN",1.9786,7753,116.7290,770.0000,2.3953,0.3933,2.2082,0.0024,5.4966
"TPA","DEN",3.0993,6866,207.8838,1506.0000,2.5779,0.4006,2.0631,0.0000,4.2842
"TUL","DEN",2.6684,5168,83.3749,541.0000,2.1732,0.2886,1.7152,0.0062,4.6428
"TUS","DEN",1.7428,2723,90.3431,639.0000,1.5706,0.0322,1.6520,0.0000,5.4551
"ABQ","DFW",4.6078,16782,76.1696,569.0000,2.9364,0.6275,2.7223,0.0312,4.1973
"ANC","DFW",18.0593,732,350.4345,3043.0000,6.3498,0.0000,2.8983,0.0079,14.7822
"ATL","DFW",9.8325,46890,111.3067,732.0000,3.7649,0.6786,4.0879,0.0023,5.8732
"AUS","DFW",5.5598,30928,38.4380,190.0000,1.6210,0.9326,2.7869,0.0189,4.4831
"BDL","DFW",6.4403,6846,207.2884,1471.0000,2.9099,1.0672,5.5562,0.0488,3.6073
"BHM","DFW",4.4851,7113,95.4184,597.0000,3.0491,0.5229,2.5476,0.0293,4.7084
"BNA","DFW",2.9280,16088,95.4479,631.0000,2.6758,0.4827,2.8622,0.0050,4.3965
"BOS","DFW",3.0144,21313,220.7903,1562.0000,2.3270,1.3788,4.6623,0.0523,3.3940
"BTR","DFW",9.7213,245,62.1598,383.0000,1.0939,0.4367,3.4408,0.0694,7.5918
"BUF","DFW",-18.3333,6,166.0000,1212.0000,NULL,NULL,NULL,NULL,NULL
"BUR","DFW",5.0289,8604,152.9761,1231.0000,3.2145,1.3310,2.8261,0.0165,3.5442
"BWI","DFW",5.5128,15188,171.3376,1217.0000,3.1459,0.8870,4.1404,0.0274,3.9278
"CLE","DFW",0.3511,326,151.7398,1021.0000,NULL,NULL,NULL,NULL,NULL
"CLT","DFW",3.7975,10261,138.0973,936.0000,2.8430,0.4292,3.7391,0.0000,4.4608
"CMH","DFW",3.3086,7511,134.4700,927.0000,2.0976,0.4514,3.6928,0.0127,4.4227
"COS","DFW",5.3938,12176,78.6427,592.0000,3.1773,0.8403,3.1842,0.0476,4.0935
"CVG","DFW",4.6395,4499,118.5077,812.0000,3.1382,0.3571,3.2272,0.0148,1.9572
"DAY","DFW",4.6174,4889,126.9635,861.0000,4.2197,0.6399,4.1569,0.0080,3.6646
"DCA","DFW",5.3251,22282,169.5807,1192.0000,2.5870,1.1474,4.1126,0.0209,4.1069
"DEN","DFW",7.9003,37939,86.8556,641.0000,2.8136,0.7175,3.7614,0.0090,6.1881
"DSM","DFW",-0.4864,930,94.6161,624.0000,2.3988,0.4545,1.9029,0.0599,0.6591
"DTW","DFW",3.1205,12714,143.4049,987.0000,2.3598,0.8494,4.1837,0.0060,4.3835
"EGE","DFW",12.6502,2366,94.7823,720.0000,5.2187,2.8796,5.8034,0.0204,8.9818
"ELP","DFW",4.5955,16182,76.0088,551.0000,2.6970,0.5618,2.4994,0.0007,4.0133
"EWR","DFW",10.0849,14392,193.9362,1372.0000,2.8724,1.0417,7.1908,0.0229,6.8705
"FAT","DFW",3.2874,4573,163.1818,1313.0000,3.2749,0.8125,2.8152,0.0123,2.9364
"FLL","DFW",7.1425,16330,159.2269,1119.0000,3.1136,1.1484,4.2449,0.0259,4.3758
"GSO","DFW",9.4293,802,143.9771,999.0000,1.3313,1.8996,4.8891,0.0000,9.1184
"GUC","DFW",23.9889,375,86.3306,678.0000,8.4590,3.2066,4.1475,0.0557,16.6656
"HDN","DFW",18.6072,761,98.4062,769.0000,9.3504,1.1232,6.3996,0.0951,11.3592
"HNL","DFW",-0.1794,4392,412.8600,3784.0000,2.2034,0.0182,1.7205,0.0149,5.4004
"HSV","DFW",2.9316,4788,97.4244,603.0000,3.4231,0.6048,2.7918,0.0363,2.9426
"IAD","DFW",5.1646,13061,166.3303,1172.0000,3.2618,0.9808,4.2486,0.1036,3.6317
"IAH","DFW",7.0419,15355,43.4794,224.0000,1.6091,0.6864,3.9509,0.0031,6.5815
"ICT","DFW",7.1104,6683,53.9945,328.0000,4.8132,1.0463,3.4678,0.0037,4.4706
"IND","DFW",3.9391,11909,113.4269,762.0000,3.4929,0.7147,3.3633,0.0025,4.1513
"JAC","DFW",15.1866,1138,128.4002,1046.0000,7.7576,1.1385,5.9119,0.0346,5.8709
"JAX","DFW",5.6800,8494,135.2943,919.0000,3.1252,0.3532,3.0100,0.0000,4.8718
"JFK","DFW",18.3978,5825,193.5648,1391.0000,8.2150,2.1972,8.1880,0.0984,5.6957
"LAS","DFW",10.8392,24105,128.7469,1055.0000,5.1712,0.7044,3.7953,0.0126,6.8285
"LAX","DFW",6.3569,38333,151.1393,1235.0000,4.4484,0.6577,2.9819,0.0527,3.5565
"LGA","DFW",7.7197,31651,196.0337,1389.0000,2.5488,1.1644,6.4356,0.0151,6.4151
"LGB","DFW",2.4611,5222,152.1905,1220.0000,2.0813,0.6772,2.4577,0.0243,2.4549
"LIT","DFW",-5.9477,158,54.4510,304.0000,NULL,NULL,NULL,NULL,NULL
"MCI","DFW",3.2481,20349,72.7615,460.0000,1.5648,0.7541,3.0453,0.0020,4.4092
"MCO","DFW",7.7644,23100,142.0457,984.0000,3.0266,1.2578,3.2207,0.0077,5.9107
"MDW","DFW",1.3013,5173,116.5762,797.0000,1.9962,0.5486,3.0494,0.0047,3.7571
"MEM","DFW",6.0875,7779,69.6492,432.0000,3.9740,0.7438,3.9930,0.0119,4.8967
"MFE","DFW",3.6634,8239,72.3298,468.0000,2.2113,0.6224,2.1194,0.0012,4.3421
"MIA","DFW",9.4409,19695,157.1071,1121.0000,6.3420,1.7003,3.3980,0.0369,3.0260
"MSP","DFW",5.4200,12269,120.7483,852.0000,3.0661,0.7097,3.5135,0.0013,4.8814
"MSY","DFW",6.2060,14964,72.3915,448.0000,2.2047,0.5776,3.6874,0.0110,5.4326
"MTJ","DFW",7.0432,188,93.9405,722.0000,1.0506,0.7532,3.8038,0.2785,7.2848
"OAK","DFW",2.1544,9145,178.3127,1456.0000,2.7357,0.7608,2.4423,0.0024,2.2246
"OGG","DFW",5.9946,2227,403.5364,3711.0000,5.1892,0.0882,2.6607,0.0000,6.6936
"OKC","DFW",5.3596,12504,34.0162,175.0000,2.6455,0.6646,2.9048,0.0231,4.6386
"OMA","DFW",3.7559,9226,86.0749,583.0000,2.5571,0.4098,2.8892,0.0081,4.4385
"ONT","DFW",3.0432,11218,147.7057,1189.0000,3.2103,0.6553,2.5560,0.0073,2.5744
"ORD","DFW",11.8509,50178,116.5323,802.0000,4.0916,1.5614,4.7904,0.0023,8.3915
"ORF","DFW",3.6327,5954,174.2323,1213.0000,3.8245,0.5939,2.8784,0.0350,3.7041
"PBI","DFW",4.8224,5560,158.8087,1103.0000,3.4729,0.3755,3.3054,0.0125,3.5127
"PDX","DFW",2.5123,11104,192.5870,1616.0000,3.7639,0.6030,2.4486,0.0126,2.8284
"PHL","DFW",9.9413,15672,183.5636,1302.0000,4.2018,0.6684,6.9258,0.0483,6.1926
"PHX","DFW",5.6879,20996,111.5543,868.0000,2.8875,0.4522,2.9984,0.0060,5.7843
"PIT","DFW",0.8071,3958,152.4890,1068.0000,2.1539,0.6086,2.3733,0.0014,2.0426
"PSP","DFW",2.7007,5337,139.3136,1126.0000,3.3650,0.3329,2.5264,0.0027,3.5162
"PVD","DFW",2.8103,883,217.5782,1529.0000,5.9502,0.4926,2.6965,0.0000,0.8777
"RDU","DFW",3.1708,14994,153.9536,1062.0000,2.4477,0.8942,2.8061,0.0136,4.1637
"RIC","DFW",4.9789,6302,166.5862,1158.0000,3.6958,0.3954,3.6826,0.0000,4.6746
"RNO","DFW",9.4677,6315,160.6675,1345.0000,7.1652,0.6576,3.3622,0.0293,4.3731
"RSW","DFW",5.6641,4811,150.0300,1017.0000,4.1422,0.3003,3.2475,0.0005,4.8310
"SAN","DFW",4.9901,22802,146.6124,1171.0000,2.4487,0.6992,3.0246,0.0641,4.4641
"SAT","DFW",6.5991,29731,43.6491,247.0000,1.7059,0.4093,3.1895,0.0044,5.3115
"SDF","DFW",7.0478,4912,109.2774,733.0000,4.1062,1.0209,3.7860,0.0206,5.2839
"SEA","DFW",7.9384,20767,197.5872,1660.0000,4.8486,0.8182,2.8384,0.0443,4.6257
"SFO","DFW",6.7910,24698,175.7221,1464.0000,4.2824,0.5779,2.7784,0.0285,5.5536
"SHV","DFW",-1.6000,30,40.8000,190.0000,31.0000,0.0000,17.0000,0.0000,11.0000
"SJC","DFW",3.1263,15294,178.4246,1438.0000,2.8209,0.6962,2.4667,0.0490,3.2056
"SJU","DFW",2.3894,7067,280.3867,2165.0000,3.1789,0.3755,3.1498,0.0479,2.3328
"SLC","DFW",4.3524,17488,124.9358,988.0000,3.3162,0.5120,3.1014,0.0037,3.0809
"SMF","DFW",4.0179,10820,170.5916,1431.0000,4.2836,0.5880,2.4345,0.0034,3.1942
"SNA","DFW",4.5855,19808,147.0988,1205.0000,2.3230,0.6600,3.1067,0.0617,4.9284
"STL","DFW",2.2416,23346,83.6870,551.0000,1.5319,0.8736,3.6228,0.0011,2.6459
"TPA","DFW",6.1135,18351,137.0766,929.0000,2.7303,1.1944,3.3188,0.0069,4.6859
"TUL","DFW",4.5242,10453,43.9929,237.0000,3.9422,1.2809,2.5113,0.0165,2.2726
"TUS","DFW",4.0037,15860,105.1853,813.0000,2.9028,0.5142,2.8438,0.0019,3.4077
"XNA","DFW",5.7212,4326,48.8416,281.0000,3.3888,0.5793,3.4818,0.0050,4.6235
"ATL","DTW",9.7414,12879,88.1890,594.0000,4.0757,0.4064,3.4617,0.0000,4.8527
"BNA","DTW",4.4085,5872,70.8326,457.0000,1.6413,0.4455,1.2915,0.0397,4.9145
"BWI","DTW",5.5582,3206,68.8678,408.0000,3.7134,1.0014,2.0928,0.1030,8.1568
"CVG","DTW",0.2632,95,43.5053,229.0000,NULL,NULL,NULL,NULL,NULL
"DEN","DTW",7.4414,4656,139.2940,1123.0000,3.1843,0.3378,2.3476,0.0000,6.1586
"DFW","DTW",6.8275,12710,128.9515,987.0000,4.1361,1.4594,2.6612,0.0087,4.2215
"LAS","DTW",-0.4255,47,211.3404,1750.0000,4.6383,0.0000,1.5745,0.0000,0.0000
"MCO","DTW",1.7077,1168,134.1422,957.0000,3.5504,0.3912,2.2467,0.0411,7.0690
"MDW","DTW",9.1048,16201,43.0744,229.0000,3.1077,0.9140,2.1843,0.0473,7.0912
"MIA","DTW",6.9174,3684,154.1240,1145.0000,5.1328,1.2428,2.0488,0.0355,3.7803
"ORD","DTW",12.0377,23475,48.5832,235.0000,4.3868,0.8941,3.5112,0.0000,8.9620
"PHX","DTW",-0.5330,3772,200.8692,1671.0000,3.5520,0.0436,1.1698,0.0338,4.1004
"SLC","DTW",-0.1796,1979,182.7468,1481.0000,1.9762,0.1227,3.1346,0.0000,1.0917
"STL","DTW",5.1068,7596,66.9870,440.0000,1.9772,0.6281,1.3579,0.0036,6.6744
"TPA","DTW",2.9167,12,141.6667,983.0000,NULL,NULL,NULL,NULL,NULL
"ATL","EWR",15.6659,22600,103.7769,745.0000,3.4727,0.4715,11.9766,0.0038,4.0236
"BOS","EWR",2.0000,1,53.0000,200.0000,NULL,NULL,NULL,NULL,NULL
"CVG","EWR",12.2796,4165,89.2328,569.0000,1.9940,0.1470,12.1491,0.0000,1.4651
"DEN","EWR",15.6542,7701,192.5216,1605.0000,3.1761,0.3653,13.7990,0.0000,6.4298
"DFW","EWR",16.0758,14382,175.1574,1372.0000,3.0249,1.2876,13.9224,0.0100,4.3181
"EGE","EWR",16.0792,653,201.1276,1725.0000,11.1948,2.4652,11.0080,0.0000,3.3917
"FLL","EWR",24.5653,5349,148.6282,1065.0000,2.6261,0.5519,24.1003,0.0356,8.0214
"IAD","EWR",16.5000,2,40.5000,213.0000,2.0000,0.0000,0.0000,0.0000,7.5000
"JFK","EWR",18.5000,6,21.8333,21.0000,0.0000,0.0000,6.5000,0.0000,7.2500
"LAX","EWR",6.5769,9193,283.7427,2454.0000,4.7989,0.1237,6.7259,0.0631,2.7968
"LGB","EWR",NULL,1,NULL,2444.0000,0.0000,0.0000,0.0000,0.0000,0.0000
"MCO","EWR",21.6824,7529,130.0408,938.0000,2.5972,0.4274,21.1610,0.0105,7.6894
"MIA","EWR",21.0361,7026,149.0805,1086.0000,7.3200,1.5670,13.7780,0.0346,5.0269
"ORD","EWR",21.0359,32673,97.8145,719.0000,2.9524,0.7988,15.6692,0.0008,8.6904
"PBI","EWR",30.2198,1614,146.7903,1024.0000,1.8834,0.5159,31.3155,0.0287,8.6162
"PHL","EWR",-5.5000,2,22.5000,81.0000,0.0000,0.0000,0.0000,0.0000,0.0000
"RSW","EWR",26.4672,1402,147.3677,1068.0000,2.0669,0.1624,29.2649,0.0250,6.7565
"SAN","EWR",NULL,1,NULL,2425.0000,0.0000,0.0000,0.0000,0.0000,0.0000
"SFO","EWR",8.4482,6035,294.0699,2565.0000,2.4641,0.1666,9.2857,0.0000,5.3298
"SJU","EWR",6.4329,4475,217.9616,1608.0000,3.1658,0.3240,3.1744,0.0629,6.3209
"SLC","EWR",5.2358,4204,232.8261,1968.0000,1.8054,0.2645,9.0459,0.0000,1.6126
"STL","EWR",2.2764,1406,118.5740,872.0000,2.7821,0.0656,8.3506,0.0000,0.5503
"TPA","EWR",40.6489,1231,135.5906,998.0000,3.3308,0.7047,31.0224,0.0000,15.3243
"ATL","IAH",11.7827,10657,102.0012,689.0000,4.3277,0.4410,5.1105,0.0090,6.0429
"BOS","IAH",NULL,1,NULL,1597.0000,0.0000,0.0000,0.0000,0.0000,0.0000
"CVG","IAH",5.2320,333,129.5110,871.0000,2.1201,0.2252,5.3934,0.1111,0.5375
"DAL","IAH",8.2794,4367,44.6097,217.0000,1.4053,0.8295,2.4751,0.0008,4.5865
"DEN","IAH",9.4315,8543,116.4357,861.0000,4.1076,0.5547,4.1255,0.0000,6.4301
"DFW","IAH",9.1030,15351,43.3434,224.0000,3.2487,1.7282,4.6109,0.0073,4.2906
"IAD","IAH",-9.5285,125,171.7236,1190.0000,14.5882,0.0000,9.9412,0.0000,1.8235
"MIA","IAH",7.3544,7608,138.0740,964.0000,4.8255,1.2310,3.1938,0.0089,3.4560
"ORD","IAH",10.5879,14769,134.9382,925.0000,3.9729,0.8964,5.0659,0.0018,8.6268
"SFO","IAH",6.3637,2190,202.9307,1635.0000,4.6720,0.1016,3.9699,0.0000,3.9733
"SLC","IAH",1.7999,3245,153.6919,1195.0000,2.1821,0.0988,3.1599,0.0000,1.5788
"STL","IAH",4.8625,82,102.9750,668.0000,NULL,NULL,NULL,NULL,NULL
"ABQ","LAS",5.5907,12868,74.7407,487.0000,1.6852,0.4114,1.9420,0.0268,5.8657
"ALB","LAS",-7.8113,2192,304.1573,2237.0000,1.6133,0.3684,2.9508,0.0000,1.9416
"AMA","LAS",1.0288,2192,110.3809,758.0000,0.9117,0.4367,1.9708,0.0000,3.9054
"ATL","LAS",10.0327,17306,232.5589,1747.0000,5.1783,0.6003,5.0398,0.0075,3.4642
"AUS","LAS",1.6853,6575,154.6769,1090.0000,1.1930,0.3812,1.4493,0.0102,5.3278
"BDL","LAS",-2.0549,2054,314.9392,2298.0000,2.2896,0.8077,3.3679,0.0800,3.3529
"BHM","LAS",-3.4544,2193,222.9733,1618.0000,1.0702,0.5115,2.1076,0.0173,1.9425
"BNA","LAS",-2.0088,7344,219.8138,1588.0000,1.4037,0.2911,1.9052,0.0100,4.8099
"BOI","LAS",1.2385,4413,82.8748,520.0000,1.2517,0.2679,1.5606,0.0035,3.9579
"BOS","LAS",10.6219,3174,265.3481,2381.0000,4.2071,0.5160,5.9727,0.0127,8.4458
"BUF","LAS",-3.2097,2422,270.3987,1987.0000,1.0011,0.6297,3.2459,0.0045,3.0964
"BUR","LAS",6.6484,27340,42.6367,223.0000,0.8874,0.5482,2.3604,0.0370,5.7428
"BWI","LAS",-2.1873,6047,288.9485,2106.0000,2.5174,0.4372,2.6178,0.0624,3.9489
"CLE","LAS",1.1379,1633,248.8553,1825.0000,1.7526,0.4902,2.9932,0.0000,6.1508
"CMH","LAS",-4.5463,4144,241.5159,1772.0000,1.1806,0.4800,2.1170,0.0298,2.5143
"CVG","LAS",4.8716,7579,226.7142,1678.0000,3.0396,0.4433,4.0571,0.0121,2.5794
"DEN","LAS",8.6611,26752,90.8638,629.0000,3.2387,0.4862,3.3744,0.0085,7.2245
"DFW","LAS",11.1964,24100,145.3401,1055.0000,5.4820,1.8804,3.8193,0.0124,4.7957
"DTW","LAS",-0.7447,47,245.2128,1750.0000,0.0000,0.9362,4.1915,0.0000,3.6170
"ELP","LAS",2.3351,4629,87.5117,584.0000,1.1182,0.3911,1.6276,0.0161,5.7265
"FLL","LAS",12.0665,1628,286.6663,2174.0000,2.2304,0.0619,3.9228,0.0000,10.4161
"GEG","LAS",-1.1257,2999,117.0848,806.0000,1.1258,0.7839,1.3838,0.0210,4.0518
"HOU","LAS",4.2150,8644,173.0610,1235.0000,3.1036,0.7003,1.7058,0.0262,5.3501
"IAD","LAS",5.1319,7716,266.2116,2066.0000,3.7540,0.7599,4.8519,0.0157,5.2488
"IND","LAS",-2.2518,4344,218.3076,1591.0000,1.2779,0.3242,2.6261,0.0079,4.0878
"ISP","LAS",-6.0426,2131,312.1894,2283.0000,1.4515,0.8537,1.9151,0.1693,1.3688
"JAX","LAS",-0.5983,236,264.6496,1965.0000,22.4483,4.4828,23.0345,0.0000,16.2414
"JFK","LAS",8.3054,14922,202.8635,2248.0000,4.5910,0.7809,8.6996,0.0719,4.8946
"LAX","LAS",8.2554,49173,44.5731,236.0000,2.6940,0.3950,2.5143,0.0377,6.1939
"LBB","LAS",-0.2152,2192,112.8059,775.0000,0.8256,0.1111,1.2533,0.0000,3.4709
"LGA","LAS",21.0769,27,294.1538,2242.0000,7.7037,0.4444,13.0370,0.0000,0.0000
"LGB","LAS",4.5613,5270,45.5001,231.0000,1.9315,0.1579,3.2182,0.0295,2.5872
"LIT","LAS",1.3354,2221,181.3092,1295.0000,1.8903,0.3720,2.0985,0.0113,4.5791
"MAF","LAS",5.2597,2194,116.7526,796.0000,1.0387,0.2935,1.8464,0.0011,8.0245
"MCI","LAS",1.7548,12540,162.4741,1140.0000,1.7234,0.5376,1.9890,0.0071,5.5405
"MCO","LAS",3.0409,2636,272.9125,2039.0000,3.4066,0.2745,2.7228,0.0072,4.5970
"MDW","LAS",3.1701,20279,208.2474,1521.0000,2.5130,0.8796,2.7065,0.0230,6.3432
"MHT","LAS",-8.1141,1950,319.6004,2356.0000,1.6610,0.3686,3.0067,0.0866,0.7512
"MIA","LAS",11.9593,4046,287.7131,2175.0000,8.3457,1.8046,3.3851,0.0089,4.6034
"MSY","LAS",-2.7915,2342,206.4795,1501.0000,1.3439,0.6629,1.7873,0.0516,3.5597
"OAK","LAS",7.5886,26003,65.8730,407.0000,2.2289,0.3879,2.0341,0.0822,5.1458
"OKC","LAS",2.5961,1246,141.5864,987.0000,0.8954,0.2478,2.3150,0.0000,6.8480
"OMA","LAS",0.5065,6522,154.6728,1099.0000,1.0775,0.3595,2.1982,0.0081,4.8853
"ONT","LAS",7.3350,20783,40.5391,197.0000,1.2140,0.4369,2.4011,0.0339,5.7032
"ORD","LAS",13.1821,26560,204.5576,1515.0000,5.5507,1.1659,5.3075,0.0000,7.8892
"ORF","LAS",-5.0605,2192,294.9991,2155.0000,1.0556,0.0682,2.6061,0.0000,2.7208
"PDX","LAS",3.9447,6064,106.1940,762.0000,1.9287,0.4313,1.3497,0.0318,5.2718
"PHL","LAS",4.8550,2706,295.8476,2176.0000,3.1343,0.5064,5.3385,0.0271,13.5616
"PHX","LAS",7.1270,38840,44.6248,256.0000,3.0119,0.4679,2.2139,0.0273,4.6533
"PIT","LAS",1.6522,2525,260.0191,1910.0000,1.3606,0.3251,2.9249,0.0139,9.3981
"PVD","LAS",-6.9860,1151,323.4218,2363.0000,2.0119,0.8349,3.4774,0.0000,0.6781
"RDU","LAS",-2.9301,2351,278.5652,2027.0000,1.2958,0.1871,3.2285,0.0033,4.4178
"RNO","LAS",7.0518,25837,54.5474,345.0000,1.3145,0.3194,2.1490,0.0072,6.1926
"SAN","LAS",8.5057,27808,51.0072,258.0000,1.5725,0.3697,2.3759,0.0186,6.9185
"SAT","LAS",1.4259,8671,151.8223,1069.0000,1.1829,0.4107,1.4515,0.0050,5.2898
"SDF","LAS",0.1645,2191,224.4954,1624.0000,1.4007,0.3841,2.5211,0.0166,4.7974
"SEA","LAS",2.0484,5650,119.8557,866.0000,2.2286,0.4758,1.5785,0.0662,4.3506
"SFO","LAS",8.9101,20362,65.5154,414.0000,3.4202,0.1748,2.9092,0.0025,9.1149
"SJC","LAS",6.8674,18360,61.6892,386.0000,1.5955,0.3747,2.1933,0.0731,6.3828
"SLC","LAS",6.0163,26500,58.2547,368.0000,2.0834,0.2778,2.7073,0.0197,4.8173
"SMF","LAS",8.4778,15724,60.6201,397.0000,2.0494,0.3750,2.1628,0.0629,6.4539
"SNA","LAS",6.7696,9426,46.0437,226.0000,1.0865,0.2587,2.6594,0.1198,5.7301
"STL","LAS",1.7821,8377,190.2917,1372.0000,2.1267,0.4893,2.9854,0.0386,4.3740
"TPA","LAS",-4.6768,2424,270.3237,1984.0000,1.5308,0.6040,1.7528,0.0000,1.8194
"TUL","LAS",-2.8604,2217,153.6927,1076.0000,0.9308,0.6092,1.3798,0.0000,2.3510
"TUS","LAS",6.1970,10604,58.3951,365.0000,0.9764,0.2686,1.8997,0.0339,6.3040
"ABQ","LAX",1.8152,10711,98.4561,677.0000,1.5710,0.1082,0.9127,0.0203,5.2014
"ANC","LAX",22.6000,85,293.5294,2345.0000,6.2273,0.0000,15.7273,0.0000,8.2273
"ATL","LAX",11.0095,23004,252.2219,1946.0000,5.7780,0.5238,5.4288,0.0123,3.2803
"AUS","LAX",1.9968,8603,168.2465,1242.0000,2.3373,0.3019,1.6898,0.0128,3.8270
"BDL","LAX",7.4310,782,338.7342,2527.0000,4.4231,0.6206,5.7165,0.0000,6.8293
"BNA","LAX",-0.6237,8782,242.2758,1797.0000,2.0774,0.0842,2.1612,0.0202,4.8877
"BOS","LAX",5.5852,14589,345.2715,2611.0000,3.7927,0.9991,5.5829,0.0478,3.9587
"BWI","LAX",1.5622,7948,310.9066,2329.0000,2.3396,0.3958,3.2462,0.0112,5.2109
"CMH","LAX",8.0769,614,264.9067,1996.0000,1.8842,0.0511,4.4719,0.0000,7.5077
"COS","LAX",-8.0317,222,120.9231,833.0000,NULL,NULL,NULL,NULL,NULL
"CVG","LAX",5.6810,8979,250.6962,1900.0000,3.1059,0.5085,4.8500,0.0188,2.2646
"DEN","LAX",6.7814,32838,119.2897,862.0000,3.5683,0.5042,2.7519,0.0043,5.7804
"DFW","LAX",10.9783,38331,166.5319,1235.0000,5.3807,2.0208,3.5578,0.0110,4.9454
"EGE","LAX",14.7804,551,106.6421,748.0000,6.5684,0.3225,3.9142,0.0000,17.8492
"ELP","LAX",1.3360,6387,103.2763,714.0000,1.2390,0.0383,0.9392,0.0030,4.9494
"EWR","LAX",7.6544,8732,324.5353,2454.0000,3.6073,0.5679,7.3133,0.0211,5.6373
"FLL","LAX",7.7412,6633,304.5982,2342.0000,4.3354,0.5714,3.8444,0.0294,3.2813
"GEG","LAX",-7.0000,1,125.0000,945.0000,0.0000,0.0000,0.0000,0.0000,0.0000
"HNL","LAX",2.2540,20899,289.0848,2556.0000,3.4181,0.0047,2.5447,0.0099,4.1204
"HOU","LAX",3.6028,6401,189.9240,1390.0000,3.0976,0.4919,1.4365,0.0628,6.1350
"IAD","LAX",5.3447,24092,300.7727,2288.0000,3.6513,0.8498,5.0521,0.0523,3.5228
"IND","LAX",-2.5528,1131,245.4011,1814.0000,1.6541,0.2469,1.8816,0.1459,6.1010
"JAC","LAX",24.0000,18,112.8235,784.0000,4.6667,0.0000,20.1667,0.0000,46.1667
"JAX","LAX",-4.7282,290,283.8537,2153.0000,2.2000,0.1000,2.6414,0.0000,1.8483
"JFK","LAX",7.9344,47316,326.3841,2475.0000,5.2602,0.8120,8.0907,0.0492,3.4750
"KOA","LAX",6.5187,6978,284.1401,2504.0000,5.3487,0.1568,2.6533,0.0111,5.8545
"LAS","LAX",7.4317,49189,41.9519,236.0000,2.6245,0.2029,2.0787,0.0366,7.0465
"LGA","LAX",22.8571,28,323.3571,2469.0000,5.5000,0.0000,17.1786,0.0000,0.0000
"LIH","LAX",3.7977,5855,295.4543,2615.0000,3.4223,0.0219,2.8243,0.0059,5.8783
"MCI","LAX",-0.6533,9025,188.6511,1363.0000,1.7544,0.1190,1.7421,0.0205,5.2528
"MCO","LAX",5.2889,11522,292.5785,2217.0000,3.3172,0.5955,3.0328,0.0156,4.5888
"MDW","LAX",1.6467,11997,237.0543,1750.0000,2.9264,0.5761,2.6074,0.0342,5.7566
"MIA","LAX",11.0403,13520,302.8721,2342.0000,7.5660,1.7666,3.6519,0.0711,3.7043
"MSY","LAX",2.8354,5349,224.5635,1671.0000,2.6036,0.0872,2.0039,0.0019,5.6488
"OAK","LAX",6.0532,46132,55.5255,337.0000,1.9758,0.0845,1.4440,0.0595,5.1496
"OGG","LAX",1.9767,12375,279.9605,2486.0000,3.7116,0.0336,2.1785,0.0000,5.0178
"ORD","LAX",11.6917,49875,229.7275,1745.0000,5.6876,1.2062,4.8980,0.0091,6.8455
"PDX","LAX",1.9475,6905,114.9895,834.0000,0.9609,0.0495,1.1060,0.0000,4.3743
"PHL","LAX",3.4159,7198,319.9158,2401.0000,2.9810,0.3895,5.3200,0.0078,6.6713
"PHX","LAX",6.6386,28912,58.8804,370.0000,3.0279,0.0943,1.5669,0.0360,5.4317
"RDU","LAX",16.5521,483,296.2708,2239.0000,4.2908,0.3222,7.5126,0.0000,6.7866
"RNO","LAX",5.5171,6448,62.6539,390.0000,1.1886,0.2416,1.6170,0.0072,6.5215
"SAN","LAX",-3.0588,18,24.7647,109.0000,0.0000,1.7778,0.0000,0.0000,0.0000
"SAT","LAX",0.7417,3440,167.6376,1210.0000,1.9484,0.1767,1.5740,0.0084,4.1553
"SEA","LAX",3.6028,9994,129.6134,954.0000,2.0019,0.0863,1.7840,0.0073,5.7064
"SFO","LAX",6.4463,55054,54.8741,337.0000,2.5953,0.0559,1.9607,0.0045,8.5813
"SJC","LAX",4.8722,28332,51.3482,308.0000,1.2329,0.0866,1.3759,0.0577,5.1565
"SJU","LAX",4.3439,821,417.4810,3386.0000,3.4503,0.0000,3.9572,0.1381,3.3633
"SLC","LAX",3.4109,22947,87.3730,590.0000,2.0687,0.2022,2.3950,0.0041,3.7787
"SMF","LAX",5.0491,22250,60.0382,373.0000,1.7172,0.0667,1.3275,0.0357,5.3470
"SNA","LAX",-3.6324,72,16.1912,36.0000,0.0000,0.0000,5.8000,0.0000,12.6000
"STL","LAX",-0.5365,10907,215.2451,1593.0000,2.5378,0.3161,2.4034,0.0007,3.0749
"TPA","LAX",1.7331,3681,283.2609,2158.0000,1.8648,0.5541,2.6733,0.0140,3.0471
"TUS","LAX",3.1546,11322,71.1266,451.0000,1.1667,0.1568,0.9784,0.0297,5.8170
"ABQ","ORD",11.1584,4899,140.1395,1118.0000,3.5882,0.6892,9.2525,0.0295,3.7155
"ALB","ORD",11.3107,4788,113.6032,723.0000,7.1386,0.4693,10.1873,0.0000,4.0489
"ANC","ORD",11.3125,1713,329.4640,2846.0000,4.8096,0.0000,3.4396,0.0158,8.6686
"ATL","ORD",15.1874,41638,94.5033,606.0000,3.9734,0.4209,10.9549,0.0006,5.8826
"AUS","ORD",11.5310,11896,131.0069,978.0000,1.6986,0.3333,10.5311,0.0201,5.1606
"BDL","ORD",5.1971,17550,123.9136,783.0000,2.8953,0.3296,7.4742,0.0159,2.9464
"BNA","ORD",9.4389,3879,71.8692,409.0000,2.6869,0.0919,7.6436,0.0000,4.8471
"BOI","ORD",2.9359,2174,176.8690,1437.0000,4.2541,0.1407,5.4453,0.0000,1.6631
"BOS","ORD",10.2350,45251,134.2858,867.0000,2.3242,0.6145,10.6364,0.0331,5.3449
"BTV","ORD",10.0642,2950,116.9202,763.0000,8.6865,0.2607,8.7397,0.0000,4.1048
"BUF","ORD",9.3379,7172,78.4453,473.0000,5.5670,0.3387,9.0295,0.0000,5.4529
"BWI","ORD",7.3975,19393,101.8542,622.0000,1.9942,0.3540,7.4028,0.0070,5.0222
"BZN","ORD",17.7241,89,148.7586,1186.0000,6.2647,0.0000,29.9118,0.0000,21.1176
"CID","ORD",0.4091,22,39.0455,196.0000,NULL,NULL,NULL,NULL,NULL
"CLE","ORD",10.2860,10784,58.9024,316.0000,3.5585,0.2832,10.3686,0.0000,5.1441
"CLT","ORD",11.5729,8722,96.9576,599.0000,1.9244,0.1405,11.8946,0.0000,6.1866
"CMH","ORD",9.4548,10437,55.1602,296.0000,1.6880,0.2950,11.1776,0.0157,5.6348
"CVG","ORD",11.4765,9097,51.5760,264.0000,3.0366,0.2258,12.0176,0.0183,3.1142
"DAY","ORD",12.9690,3827,48.0434,240.0000,5.1997,0.1790,10.4906,0.0000,5.0572
"DCA","ORD",7.7092,45059,99.5308,612.0000,1.9692,0.4409,8.6262,0.0037,4.6634
"DEN","ORD",12.9763,40315,113.9928,888.0000,3.6208,0.6145,8.9738,0.0041,6.2255
"DFW","ORD",14.1750,50600,109.6339,802.0000,2.8488,1.0342,10.9211,0.0104,5.9451
"DSM","ORD",10.3953,5405,51.4749,299.0000,2.1433,0.3018,11.8338,0.0000,5.3567
"DTW","ORD",8.7728,23510,47.1941,235.0000,2.6248,0.3524,9.0676,0.0114,4.5019
"EGE","ORD",20.3918,1101,126.8444,1007.0000,6.3275,2.4592,12.5455,0.0000,10.7669
"ELP","ORD",11.7468,4488,153.1207,1236.0000,3.7616,0.1689,11.6390,0.0000,3.9777
"EWR","ORD",16.1682,34503,115.5094,719.0000,2.2805,0.5397,11.1133,0.0064,10.0627
"FLL","ORD",14.2399,12863,167.8508,1182.0000,2.9962,0.4330,11.3052,0.0141,5.3740
"GEG","ORD",1.3493,2179,183.0232,1498.0000,4.3629,0.0933,5.4733,0.0000,0.3197
"GRR","ORD",6.4935,6907,31.8007,137.0000,2.8929,0.1537,7.3183,0.0000,5.0840
"GSO","ORD",13.6904,3686,95.4854,590.0000,4.5221,0.1646,15.0754,0.0000,3.4401
"GUC","ORD",20.0000,2,151.0000,1031.0000,0.0000,0.0000,20.0000,0.0000,0.0000
"HDN","ORD",37.8502,671,127.5765,1009.0000,8.0703,0.2510,22.5000,0.0000,14.8954
"HNL","ORD",-2.0306,4249,458.7851,4243.0000,2.9690,0.0059,2.0588,0.0135,2.1267
"HPN","ORD",12.2073,3783,117.3474,738.0000,3.8970,1.4627,10.2837,0.0617,1.8176
"IAD","ORD",7.2901,18798,94.8935,589.0000,3.5354,0.8794,7.0834,0.0125,3.7615
"IAH","ORD",12.2148,13924,126.6183,925.0000,2.4652,0.3215,12.4261,0.0014,4.9814
"ICT","ORD",3.7896,600,82.5374,588.0000,7.0762,0.1746,11.3841,0.0000,1.8476
"IND","ORD",10.7339,11738,41.1125,177.0000,2.6061,0.5558,8.7276,0.0495,4.7161
"JAC","ORD",35.6087,1362,141.4477,1162.0000,8.1272,1.1979,15.8784,0.0339,19.5156
"JAX","ORD",15.1809,1167,133.2634,865.0000,5.4176,0.1847,17.5840,0.0000,14.5507
"JFK","ORD",25.6611,4222,100.4304,740.0000,7.3748,1.4314,25.1489,0.0841,13.2127
"KOA","ORD",-1.1713,1187,449.3444,4213.0000,3.2242,0.0208,2.0982,0.0000,4.3839
"LAS","ORD",12.5897,26711,183.1854,1515.0000,3.9205,0.3551,8.4465,0.0023,7.2285
"LAX","ORD",9.7278,50515,208.2095,1745.0000,3.8538,0.1184,8.5151,0.0749,3.8914
"LGA","ORD",13.5969,67325,116.5697,733.0000,2.1076,0.5529,10.9098,0.0090,8.6513
"LGB","ORD",20.9498,1438,265.3347,1735.0000,3.5237,0.0441,26.0750,0.1025,6.1963
"MCI","ORD",10.2957,22832,61.3047,403.0000,1.8448,0.4620,9.6112,0.0060,5.7685
"MCO","ORD",10.8994,23575,146.7711,1005.0000,2.2956,0.5536,8.2327,0.0042,6.7744
"MDT","ORD",7.9512,3290,97.0822,594.0000,7.6206,0.4367,10.2223,0.0000,3.4413
"MHT","ORD",7.9687,7283,128.0445,843.0000,3.3411,0.1825,9.5004,0.0000,3.9473
"MIA","ORD",16.2433,22349,166.8224,1197.0000,5.7507,1.1706,10.4866,0.0389,5.1095
"MSP","ORD",11.0807,40986,54.6819,334.0000,2.4466,0.3243,9.7899,0.0005,6.1765
"MSY","ORD",11.0333,9528,121.2740,837.0000,2.7629,0.1384,9.8148,0.0032,5.4852
"MTJ","ORD",21.1875,98,138.1875,1081.0000,0.8108,1.0541,13.4865,0.0000,14.6216
"OAK","ORD",11.0083,5411,218.0197,1835.0000,3.0497,0.1094,9.9131,0.0094,2.9409
"OGG","ORD",-2.1197,1253,456.7526,4184.0000,2.1047,0.1088,1.2745,0.0000,4.4402
"OKC","ORD",15.4118,17,97.7059,693.0000,NULL,NULL,NULL,NULL,NULL
"OMA","ORD",7.2001,9642,63.7991,416.0000,3.0701,0.2613,8.3848,0.0000,4.1418
"PBI","ORD",12.7656,4568,164.5762,1144.0000,6.8696,0.7033,9.1560,0.0195,3.4430
"PDX","ORD",9.4543,16604,205.3382,1739.0000,3.1917,0.2503,9.4151,0.0006,3.6134
"PHL","ORD",15.3348,35102,109.0766,678.0000,3.1711,0.5186,11.5587,0.0173,7.7925
"PHX","ORD",11.4854,22166,174.1202,1440.0000,2.6865,0.1570,9.7200,0.0079,6.0713
"PIT","ORD",8.1637,11129,70.1369,412.0000,3.1318,0.4901,9.6114,0.0000,4.1458
"PSP","ORD",20.4879,3337,198.3371,1652.0000,4.2399,0.0603,19.1236,0.0113,5.3428
"PVD","ORD",6.6581,13017,130.6599,849.0000,2.7273,0.5092,8.7675,0.0027,3.3700
"RAP","ORD",16.4955,114,103.8919,780.0000,1.6053,0.0000,38.5000,0.0000,24.5263
"RDU","ORD",12.4539,11649,105.1919,647.0000,2.5295,0.3983,10.6267,0.0225,6.6757
"RIC","ORD",11.5500,4384,105.2469,642.0000,6.2626,0.2413,12.6593,0.0000,3.5085
"RNO","ORD",17.5546,3846,199.1524,1671.0000,4.0195,0.3551,13.2146,0.0198,5.7606
"ROC","ORD",8.2621,6394,85.5661,528.0000,5.0513,0.4121,9.7987,0.0000,3.5268
"RST","ORD",5.0237,984,45.4881,268.0000,0.6292,0.0356,5.7584,0.0000,2.2004
"RSW","ORD",15.9377,5466,158.7294,1120.0000,4.6489,0.0649,12.7606,0.0097,6.2244
"SAN","ORD",10.2562,22248,208.6410,1723.0000,2.8681,0.1288,10.0978,0.0299,4.0390
"SAT","ORD",12.3582,11116,137.3366,1041.0000,2.2432,0.1029,11.3667,0.0079,4.7268
"SEA","ORD",11.4866,24665,202.7826,1721.0000,3.3177,0.2587,9.2764,0.0198,4.7865
"SFO","ORD",8.5257,36842,215.3226,1846.0000,3.6426,0.1287,7.7958,0.0011,4.1510
"SJC","ORD",8.6968,14991,222.7442,1829.0000,2.4877,0.1302,11.4793,0.0173,2.2921
"SJU","ORD",4.7082,9287,280.8831,2072.0000,3.9385,0.0477,3.8990,0.0075,3.8088
"SLC","ORD",11.1252,18392,156.1088,1249.0000,2.7844,0.2464,11.0336,0.0000,4.0820
"SMF","ORD",9.7314,9503,210.9093,1781.0000,3.5666,0.1906,9.8019,0.0000,3.2024
"SNA","ORD",10.9273,17287,205.3877,1726.0000,3.2338,0.1156,11.2450,0.0290,4.7431
"STL","ORD",11.7377,27606,45.7382,258.0000,1.3831,0.1735,10.7173,0.0005,5.7759
"SYR","ORD",7.6923,13,92.3846,607.0000,0.0000,0.0000,0.0000,0.0000,0.0000
"TPA","ORD",11.0010,15607,143.6368,1012.0000,3.1582,0.6253,8.6969,0.0019,5.3976
"TUL","ORD",12.7653,7145,82.5517,585.0000,2.3101,0.6843,10.5891,0.0441,5.9605
"TUS","ORD",12.5752,7740,175.4229,1437.0000,3.0143,0.1789,11.1089,0.0000,5.6498
"XNA","ORD",18.4970,2643,77.9364,522.0000,1.6766,0.4236,13.6435,0.0000,6.6651
"ABQ","PHX",6.0884,23631,55.8530,328.0000,1.4653,0.2370,1.5511,0.0291,6.3444
"AMA","PHX",9.0000,1,87.0000,601.0000,0.0000,0.0000,0.0000,0.0000,0.0000
"ATL","PHX",7.5362,12309,217.2336,1587.0000,4.3815,0.5303,3.9217,0.0000,3.6088
"AUS","PHX",2.8255,8289,126.7942,872.0000,1.0686,0.1423,0.7742,0.0608,6.0749
"BHM","PHX",-2.6251,2192,206.4258,1455.0000,1.2035,0.1628,1.3122,0.0105,4.5994
"BNA","PHX",-2.9914,7716,202.8377,1448.0000,1.4600,0.1170,1.3476,0.0080,3.7919
"BOI","PHX",-21.0000,2,90.5000,735.0000,0.0000,0.0000,0.0000,0.0000,0.0000
"BOS","PHX",6.6434,404,151.0599,2300.0000,2.5421,0.4728,4.5718,0.0099,6.6609
"BUF","PHX",-0.9904,2192,260.8074,1912.0000,2.2781,0.8325,2.4068,0.0165,3.3271
"BUR","PHX",2.6411,17544,63.5213,369.0000,0.8114,0.3855,0.9807,0.0519,4.9290
"BWI","PHX",-3.4278,10182,273.7496,1999.0000,1.8424,0.4315,2.2287,0.0482,4.1961
"CLE","PHX",-8.8680,1215,240.1560,1737.0000,1.1257,0.3210,1.3847,0.0000,0.6203
"CMH","PHX",-4.2730,2205,230.4480,1671.0000,1.6829,0.1155,1.9479,0.0521,3.3058
"CVG","PHX",2.4794,5422,216.4817,1569.0000,2.6034,0.4408,3.0431,0.0000,2.3424
"DEN","PHX",8.0872,21218,89.5425,602.0000,3.1892,0.3725,2.7540,0.0144,7.2331
"DFW","PHX",9.7505,21083,126.2600,868.0000,5.1710,2.0153,2.5881,0.0058,4.8666
"DTW","PHX",-2.8678,3777,230.9127,1671.0000,1.7668,0.2857,1.8774,0.0407,3.0469
"ELP","PHX",6.0084,14962,57.5220,347.0000,0.9648,0.2078,1.5335,0.0041,6.6108
"HOU","PHX",4.5341,10607,146.6857,1020.0000,3.1977,0.3700,1.1805,0.0347,5.6315
"IAD","PHX",12.3435,2327,267.2106,1956.0000,5.6092,1.7747,7.3027,0.0208,5.6578
"IND","PHX",-3.2273,3739,207.3987,1489.0000,1.4436,0.2015,1.8691,0.0649,3.3190
"JFK","PHX",9.9284,4318,227.1568,2153.0000,4.8215,0.7970,10.0054,0.0718,6.6360
"LAS","PHX",8.3515,38738,46.1574,256.0000,2.4693,0.3517,1.8054,0.0618,6.7004
"LAX","PHX",7.4441,29063,57.9561,370.0000,2.1727,0.2679,1.2535,0.0398,6.2727
"LIT","PHX",-3.6985,2061,164.6084,1136.0000,1.0539,0.2251,0.7364,0.0391,1.7423
"MCI","PHX",1.2707,7990,149.1054,1044.0000,2.0049,0.1668,1.3034,0.0025,5.2836
"MCO","PHX",0.5622,2255,255.8992,1848.0000,1.9210,0.3312,1.8197,0.0223,4.5180
"MDW","PHX",2.6011,13923,198.9500,1444.0000,2.6924,0.7514,2.2984,0.0688,6.6763
"MHT","PHX",-2.8702,493,314.1400,2279.0000,4.2585,1.8732,7.2976,0.2829,6.0683
"MIA","PHX",17.8355,385,272.4562,1972.0000,19.2733,3.5963,11.9379,0.0994,15.6957
"MSY","PHX",0.4884,2899,183.2646,1301.0000,1.6635,0.4796,1.0610,0.0498,4.5208
"OAK","PHX",5.6117,14073,92.7206,646.0000,2.6634,0.1457,0.9169,0.0998,5.2287
"OKC","PHX",-0.2391,6466,122.5681,833.0000,1.1392,0.1018,0.8984,0.0295,4.4888
"OMA","PHX",1.6005,5913,146.9168,1037.0000,1.5775,0.1529,1.3455,0.0181,7.1257
"ONT","PHX",5.4045,24821,52.0007,325.0000,1.2912,0.2433,1.3681,0.0296,4.7271
"ORD","PHX",13.7089,22712,196.6166,1440.0000,5.5209,1.2745,4.7835,0.0027,8.9029
"PDX","PHX",1.3678,5641,132.5164,1009.0000,2.0728,0.1614,0.9067,0.0550,4.2581
"PHL","PHX",-3.1904,2730,283.3610,2075.0000,2.2259,0.6120,4.6623,0.0196,5.8585
"PIT","PHX",-6.4237,1186,248.6653,1813.0000,1.2752,0.1488,2.0481,0.0459,3.8658
"PVD","PHX",-9.7021,3921,314.4069,2277.0000,1.0975,0.5828,2.2645,0.0480,1.4919
"RDU","PHX",-5.7866,3817,262.7587,1891.0000,1.0610,0.2414,1.1119,0.0039,2.5923
"RNO","PHX",2.1822,6471,83.7768,601.0000,1.1886,0.1705,1.0655,0.0068,4.2277
"SAN","PHX",6.8717,28939,50.5393,304.0000,1.4829,0.2134,1.4427,0.0197,6.2542
"SAT","PHX",3.3403,7767,122.9533,843.0000,1.2517,0.1360,0.8637,0.0366,6.4647
"SDF","PHX",-4.9061,2191,212.5712,1506.0000,1.1302,0.3376,1.3905,0.0215,3.3178
"SEA","PHX",2.5089,5761,143.9923,1107.0000,2.3314,0.1417,1.1644,0.0629,4.8568
"SFO","PHX",6.1351,10724,91.7006,651.0000,3.8877,0.1111,1.7715,0.0059,7.5949
"SJC","PHX",2.6486,11342,87.6104,621.0000,1.5478,0.1682,0.6870,0.0699,5.2482
"SLC","PHX",2.7566,19198,74.7239,507.0000,1.5936,0.1792,1.5093,0.0081,4.7852
"SMF","PHX",3.3569,13753,89.8839,647.0000,1.5860,0.0644,0.7964,0.0453,5.0185
"SNA","PHX",5.2374,14431,53.5771,338.0000,1.1953,0.2295,1.3728,0.1021,4.9734
"STL","PHX",-2.0637,12901,178.8250,1262.0000,1.5011,0.2103,1.3530,0.0069,4.9796
"TPA","PHX",-0.4126,2191,249.0165,1788.0000,2.1361,1.2647,1.5431,0.0000,4.0431
"TUL","PHX",-1.8054,6302,136.6385,935.0000,1.0341,0.2419,0.9032,0.0231,2.9470
"TUS","PHX",-0.5987,1399,27.6259,110.0000,4.4335,0.0777,1.6851,0.0000,0.0000
